taxonKey,species_std
4456178,Salpingus planirostris
10480031,Rutpela maculata
4450696,Endomychus coccineus
8843472,Pyrochroa serraticornis
7649338,Saperda scalaris
1119292,Morimus asper
4459546,Chlorophorus varius
6097811,Stenopterus rufus
1085188,Trichius fasciatus
4431622,Anthaxia hungarica
8796936,Stenurella bifasciata
7538141,Chlorophorus figuratus
7620908,Buprestis rustica
4458867,Pseudovadonia livida
5744560,Dicerca alni
1096909,Anastrangalia sanguinolenta
7569075,Rosalia alpina
4431801,Anthaxia fulgurans
4458543,Chrysanthia viridissima
5743122,Lucanus cervus
5751237,Pyrochroa coccinea
1077829,Cetonia aurata
4429476,Ampedus pomorum aggr.
4431645,Anthaxia godeti
8411684,Monochamus sutor
8144310,Buprestis octoguttata
4429424,Ampedus balteatus
1082966,Valgus hemipterus
5750461,Diaperis boleti
4459342,Exocentrus punctipennis
1224474,Hylastes linearis
4432706,Agrilus laticornis
4426607,Ptinus bidens
7342994,Ptosima undecimmaculata
4431220,Acmaeoderella flavofasciata
4458870,Alosterna tabacicolor
4458844,Stictoleptura cordigera
4458574,Nacerdes carniolica
6963140,Temnoscheila caerulea
5001643,Aromia moschata
7994366,Clytus arietis
7667793,Anaspis maculata
4432662,Agrilus integerrimus
4432773,Agrilus cyanescens
4429150,Cardiophorus rufipes
5750901,Anaspis pulicaria
4448819,Thanasimus formicarius
8522427,Mesosa nebulosa
4458797,Grammoptera ruficornis
5750870,Anaspis regimbarti
4431813,Anthaxia nitidula
4453257,Placonotus testaceus
5748831,Rhizophagus depressus
4432513,Meliboeus fulgidicollis
5743112,Dorcus parallelipipedus
4429472,Ampedus elongatulus
1096678,Oberea pupillata
5744320,Microrhagus emyi
4453803,Diaclina fagi
1205228,Platypus cylindrus
4427549,Scobicia chevrieri
1161742,Deilus fugax
4455082,Gonodera luperus
8966182,Stictoleptura rubra
8016249,Ergates faber
7972201,Chlorophorus sartor
5750918,Anaspis fasciata
1045205,Bitoma crenata
5743466,Bostrichus capucinus
4458913,Anaesthetis testacea
4431858,Anthaxia manca
1128491,Grammoptera ustulata
4459517,Phymatodes rufipes
8062758,Monochamus galloprovincialis
4458448,Ischnomera cyanea
5750027,Helops caeruleus
4454081,Nalassus dryadophilus
4458755,Litargus connexus
4427406,Ctesias serra
1154563,Parmena balteus
4458474,Oedemera femoralis
7659055,Plagionotus arcuatus
1146023,Aegosoma scabricorne
4432745,Agrilus olivicolor
4453218,Laemophloeus monilis
5819538,Leiopus nebulosus aggr.
5019591,Xyleborus monographus
4430299,Malthinus flaveolus
4429432,Ampedus sanguineus
8961343,Phymatodes testaceus
4428338,Lygistopterus sanguineus
1189484,Scolytus rugulosus
4456959,Synchita undata
1047210,Aderus populneus
4459519,Poecilium alni
5744362,Chrysobothris affinis
4431678,Anthaxia sepulchralis
8779452,Stenurella nigra
4429442,Ampedus praeustus
6975673,Melanotus crassicollis
4430365,Malthinus seriepunctatus
4458610,Anogcodes rufiventris
4455097,Hymenalia rufipes
4459502,Obrium cantharinum
5748555,Tritoma bipustulata
4448875,Tilloidea unifasciata
4432616,Agrilus viridis
4429483,Ampedus quercicola
5820507,Cerambyx cerdo
8548948,Rhagium sycophanta
1242934,Dryocoetes villosus
1143384,Pyrrhidium sanguineum
8544630,Rhagium inquisitor
4431768,Anthaxia candens
4455263,Platydema violacea
6269922,Glaphyra umbellatarum
1189289,Scolytus multistriatus
8705902,Tetrops praeustus
4450024,Aplocnemus virens
4458893,Anoplodera rufipes
4453609,Conopalpus brevicollis
8111934,Rusticoclytus rusticus
6993114,Uleiota planatus
5750812,Anaspis flava
4892026,Pseudovadonia livida
4432673,Agrilus angustulus
1143990,Stictoleptura fulva
5003411,Aegomorphus clavipes
8707896,Pogonocherus hispidus
1129494,Dinoptera collaris
4430641,Malthodes flavoguttatus
8401448,Buprestis novemmaculata
5750884,Anaspis lurida
4431917,Anthaxia cichorii
4424856,Trichius gallicus
4458433,Ischnomera caerulea
1134213,Exocentrus adspersus
8583922,Stenurella melanura
1201568,Xylocleptes bispinus
1044348,Oxylaemus cylindricus
1043938,Silvanus unidentatus
8284747,Oberea linearis
5743454,Xylopertha retusa
4427052,Taphrorychus bicolor
5750822,Anaspis varians
1111924,Chlorophorus glabromaculatus
4429144,Cardiophorus ruficollis
4429450,Ampedus nigrinus aggr.
6975566,Melanotus castanipes
1144307,Cortodera femorata
7859738,Oxymirus cursor
4449948,Dasytes plumbeus
5007631,Dictyoptera aurora
1211257,Tomicus piniperda
1214678,Hylurgops palliatus
5750831,Anaspis brunnipes
1231274,Crypturgus cinereus
9128025,Rhagium mordax
1244656,Trypodendron lineatum
4458546,Chrysanthia geniculata
4468670,Pityophthorus pityographus
1237428,Pityogenes chalcographus
1189156,Polygraphus poligraphus
1034608,Elateroides dermestoides
4458628,Schizotus pectinicornis
4454308,Scaphidema metallica
5878832,Melanotus villosus
4450526,Triplax russica
4450482,Dacne bipustulata
4468550,Xyleborinus saxesenii
7727762,Megatoma undata
5750877,Anaspis frontalis
5875701,Stictoleptura rubra
5743100,Platycerus caraboides
5748844,Rhizophagus dispar
4450802,Hylesinus varius
4433178,Paromalus parallelepipedus
5018723,Ips typographus
4456399,Orthocis alni
4455173,Corticeus unicolor
4458709,Mycetophagus atomarius
4430270,Malthinus balteatus
4456865,Colydium elongatum
1217397,Orthotomicus laricis
4458788,Rhamnusium bicolor
4453580,Orchesia micans
8571136,Molorchus minor
4452094,Cerylon histeroides
6097720,Malthinus flaveolus
5743105,Platycerus caprea
4456433,Cis glabratus
5750811,Anaspis rufilabris
4452097,Cerylon ferrugineum
6958250,Cis festivus
4458681,Anidorus nigrinus
1144021,Stictoleptura maculicornis aggr.
4449906,Dasytes niger
5750351,Pseudocistela ceramboides
1096921,Anastrangalia reyi
4433570,Plegaderus caesus
1244634,Trypodendron domesticum
10595482,Acanthocinus aedilis
7414565,Aspidiphorus orbiculatus
11241846,Melanotus villosus
4292492,Arhopalus rusticus
7887483,Prionus coriarius
7704804,Spondylis buprestoides
8216670,Strangalia attenuata
4427343,Globicornis corticalis
1224467,Hylastes ater
1126665,Callidium violaceum
1211184,Tomicus minor
9774834,Anaspis thoracica
4450058,Aplocnemus impressus
4468381,Hylastes angustatus
5748858,Rhizophagus ferrugineus
6097731,Corticeus bicolor
4456463,Cis micans
1231283,Crypturgus hispidulus
5748854,Rhizophagus bipustulatus
4458735,Mycetophagus quadripustulatus
7825487,Hylesinus varius
4458782,Leptura quadrifasciata
4458702,Mycetophagus multipunctatus
4452100,Cerylon fagi
1237442,Pityogenes bidentatus
1045784,Cis boleti
6097730,Corticeus linearis
6097367,Nemozoma elongatum
4448814,Thanasimus femoralis
1165552,Anthribus nebulosus
1167288,Anthribus nebulosus
4449451,Peltis ferruginea
4428881,Denticollis linearis
1085281,Trichius gallicus
4431707,Anthaxia morio
4293134,Neoclytus acuminatus
4458572,Nacerdes carniolica
4431541,Phaenops cyanea
4426946,Mesocoelopus niger
8349338,Oberea oculata
4453594,Orchesia undulata
1080269,Protaetia cuprea s.l.
7354513,Protaetia marmorata
9012567,Gaurotes virginea
5753486,Platyrhinus resinosus
4449870,Dasytes caeruleus
5002115,Cerambyx scopolii
1216929,Xylosandrus germanus
4431670,Anthaxia helvetica
8265082,Monochamus sartor
1136891,Pachytodes cerambyciformis
1168125,Platystomos albinus
1136138,Pachyta quadrimaculata
4424877,Protaetia cuprea s.l.
4459168,Oplosia cinerea
8323161,Stenocorus meridianus
6545108,Peltis ferruginea
4428970,Diacanthous undulatus
8138668,Glaphyra umbellatarum
4431814,Anthaxia nitidula
6267761,Lamia textor
8196495,Asemum striatum
1149909,Rhagium bifasciatum
1159552,Cyrtoclytus capra
4449160,Anthocomus equestris
1142906,Lepturobosca virens
6722137,Protaetia speciosissima
4427016,Ptinomorphus imperialis
8062927,Mesosa curculionoides
4428357,Platycis minutus
4453860,Stenomax aeneus
5744412,Ptosima undecimmaculata
4431637,Anthaxia quadripunctata
4448894,Korynetes caeruleus
4428360,Lopheros rubens
6974194,Cardiophorus rufipes
8216511,Anoplodera sexguttata
5743127,Lucanus cervus
7759824,Saperda carcharias
8054788,Anaglyptus mysticus
1126279,Leptura annularis
6265041,Clytus lama
9610798,Lamprodila festiva
8115081,Clerus mutillarius
4425594,Ceruchus chrysomelinus
4429507,Ampedus sanguinolentus
7576840,Hylotrupes bajulus
6269582,Leptura aurulenta
8316923,Purpuricenus kaehleri
6963798,Drapetes mordelloides
4432634,Agrilus biguttatus
4459177,Herophila tristis
6097810,Plagionotus detritus
1081186,Gnorimus nobilis
4459313,Stenostola ferrea
7878882,Chalcophora mariana
8096366,Pidonia lurida
7484995,Buprestis haemorrhoidalis
1081167,Gnorimus variabilis
8543492,Erotides cosnardi
6280949,Cetonia aurata
6280770,Protaetia cuprea s.l.
4431731,Anthaxia podolica
7000160,Mycetina cruciata
5878447,Anaspis maculata
9013850,Saperda populnea
4425587,Sinodendron cylindricum
4424874,Protaetia cuprea s.l.
9493320,Trachypteris picta
4433229,Hololepta plana
8878274,Callidium aeneum
8423878,Pogonocherus hispidulus
8210670,Stictoleptura maculicornis aggr.
1159172,Xylotrechus stebbingi
4456398,Orthocis alni
1133774,Pogonocherus decoratus
8890849,Xylotrechus antilope
6280946,Cetonia aurata
7200018,Protaetia cuprea s.l.
5744357,Chrysobothris solieri
4292671,Judolia sexmaculata
9377247,Anogcodes melanurus
1149211,Stenostola dubia
4428877,Denticollis rubens
1100299,Evodinus clathratus
1143995,Stictoleptura fulva
4766866,Protaetia speciosissima
1161046,Rusticoclytus rusticus
5811486,Protaetia cuprea s.l.
8914187,Protaetia marmorata
8749265,Pachyta lamed
5811483,Protaetia fieberi
7485025,Gnorimus variabilis
7451960,Aegomorphus clavipes
1102761,Saperda carcharias
1079588,Osmoderma eremita
8345669,Saperda perforata
8045876,Rutpela maculata
7703072,Lamprodila festiva
8130306,Ropalopus clavipes
4894311,Mesosa nebulosa
8185112,Pogonocherus ovatus
1122893,Tetropium castaneum
5001007,Semanotus undatus
7873123,Saperda octopunctata
8407804,Menesia bipunctata
4885816,Phymatodes rufipes
7529654,Callidium coriaceum
4889963,Callidium aeneum
8124081,Ropalopus femoratus
4431949,Lamprodila rutilans
1085253,Trichius gallicus
5006461,Calopus serraticornis
8920691,Chlorophorus herbstii
4896071,Stictoleptura cordigera
1146715,Etorofus pubescens
1118098,Acmaeops pratensis
1102956,Anoplodera sexguttata
7485981,Oplosia cinerea
4891314,Herophila tristis
1102048,Pedostrangalia revestita
6265012,Clytus tropicus
7808864,Anisorus quercus
1160401,Anaglyptus gibbosus
4458916,Pogonocherus fasciculatus
8383326,Leptura annularis
4885676,Gaurotes virginea
1136888,Pachytodes cerambyciformis
6267013,Rhamnusium bicolor
1122938,Tetropium gabrieli
4459446,Acanthocinus griseus
1118080,Acmaeops septentrionis
6269529,Leptura aethiops
4459493,Saphanus piceus
1122917,Tetropium fuscum
4458838,Stictoleptura scutellata
1143991,Stictoleptura fulva
1144001,Stictoleptura hybrida
5743123,Lucanus cervus
4990243,Ips sexdentatus
1228061,Dendroctonus micans
5748842,Rhizophagus picipes
4429494,Ampedus pomonae
7700521,Diacanthous undulatus
8314464,Danosoma fasciata
4448786,Opilo mollis
9097888,Buprestis haemorrhoidalis
4455016,Prionychus ater
4432626,Agrilus cuprescens
4458847,Stictoleptura cordigera
7200161,Cetonia aurata
4449155,Anthocomus fasciatus
9458463,Anisandrus dispar
7748881,Hylurgops palliatus
4431746,Anthaxia salicis
9240761,Accanthopus velikensis
8610451,Lamprodila rutilans
1045176,Prostomis mandibularis
9555667,Anthaxia hungarica
4428700,Stenagostus rufus
4431087,Melasis buprestoides
4428693,Stenagostus rhombeus
4424870,Protaetia cuprea s.l.
4430234,Malthinus biguttatus
12175337,Stenopterus rufus
4448858,Tillus elongatus
8799421,Stictoleptura rubra
1043943,Silvanus bidentatus
9402027,Buprestis haemorrhoidalis
7201887,Aromia moschata
12144485,Eurosomides minor
1165270,Dissoleucas niveirostris
1034609,Elateroides dermestoides
1118097,Acmaeops pratensis
4429186,Cardiophorus nigerrimus
4455010,Prionychus melanarius
4456161,Vincenzellus ruficollis
4990283,Dendrophilus punctatus
5879001,Eucnemis capucina
5749724,Cryptolestes duplicatus
1095148,Ptilinus pectinicornis
6963241,Thymalus limbatus
4433174,Paromalus flavicornis
4429467,Ampedus nigerrimus
5744321,Microrhagus lepidus
5744319,Microrhagus pygmaeus
5750384,Mycetochara humeralis
4456952,Synchita humeralis
4427212,Hemicoelus costatus
1045482,Mycetophagus quadriguttatus
1043772,Pediacus depressus
4453698,Melandrya caraboides
4453324,Diplocoelus fagi
4429462,Ampedus rufipennis
8645197,Hyperisus plumbeus
4429415,Ampedus cinnabarinus
4429475,Ampedus elongatulus
4453535,Phloiotrya tenuis
8513603,Mycetochara maura
4429349,Calambus bipustulatus
4433510,Abraeus perpusillus
4427204,Hemicoelus fulvicornis
1144020,Stictoleptura maculicornis aggr.
4456948,Coxelus pictus
4456957,Synchita variegata
4428738,Brachygonus megerlei
5748863,Rhizophagus perforatus
1034603,Lymexylon navale
4456183,Salpingus ruficollis
4427190,Oligomerus brunneus
4455116,Palorus depressus
4431098,Dromaeolus barnabita
8573523,Protaetia marmorata
4449398,Hypebaeus flavipes
4426813,Ernobius abietis
5748837,Rhizophagus parallelocollis
1043787,Pediacus dermestoides
4426480,Ptinus rufipes
10536515,Tropideres albirostris
4450237,Sphindus dubius
4428855,Hypoganus inunctus
4454940,Allecula morio
5999219,Leiopus nebulosus aggr.
1045119,Hallomenus binotatus
4449463,Nemozoma elongatum
4453611,Conopalpus testaceus
4431059,Hylis cariniceps
4427234,Hadrobregmus denticollis
4428364,Pyropterus nigroruber
8515526,Pseudeuparius sepicola
4429448,Ampedus erythrogonus
5748847,Rhizophagus nitidulus
5748867,Rhizophagus cribratus
4428961,Procraerus tibialis
4453532,Phloiotrya rufipes
4458659,Euglenes pygmaeus
8295336,Grammoptera abdominalis
9805941,Obrium brunneum
1042826,Leptophloeus alternans
4426752,Ernobius abietinus
4431066,Hylis foveicollis
1042697,Symbiotes gibberosus
4406799,Dorcatoma chrysomelina
4433517,Abraeus granulum
4458814,Anastrangalia dubia
5744989,Platysoma compressum
4428989,Ischnodes sanguinicollis
4456853,Pycnomerus terebrans
5743401,Dryophilus pusillus
1095669,Xestobium rufovillosum
4427490,Trinodes hirtus
4406791,Dorcatoma setosella
4426206,Xyletinus ater
4452096,Cerylon deplanatum
4426887,Ochina ptinoides
4458446,Ischnomera sanguinicollis
5750277,Eledona agricola
7458371,Scolytus mali
10607334,Hylesinus crenatus
4427269,Anobium inexspectatum
4432736,Agrilus sinuatus
4456414,Strigocis bicornis
7875606,Kissophagus vicinus
10698585,Lissodema denticollis
4430252,Malthinus frontalis
1239143,Hylesinus wachtli
4453600,Orchesia minor
5750797,Lissodema cursor
4426758,Ernobius angusticollis
6097390,Dasytes caeruleus
4430655,Malthodes spathifer
7358359,Tetrops praeustus
1224454,Hylastes cunicularius
4430630,Malthodes brevicollis
4430596,Malthodes fuscus
4456362,Ennearthron cornutum
4453624,Serropalpus barbatus
1243023,Dryocoetes autographus
7905867,Leptophloeus alternans
6545138,Ampedus pomorum aggr.
1080523,Protaetia cuprea s.l.
4430522,Malthodes guttifer
8033155,Ptinus subpilosus
1043916,Silvanoprus fagi
4430735,Malthodes marginatus
4426966,Grynobius planus
4427239,Hadrobregmus pertinax
1237429,Pityogenes quadridens
1095202,Ernobius mollis
4456448,Cis micans
6097349,Melanotus villosus
4456356,Sulcacis nitidus
4430743,Malthodes trifurcatus
4429488,Ampedus scrofa
4430448,Malthodes hexacanthus
9589510,Eledona agricola
1080845,Protaetia fieberi
4456452,Cis punctulatus
10313814,Dictyoptera aurora
5018642,Ips cembrae
9101789,Cis fusciclavis
1095317,Hadrobregmus pertinax
1045541,Octotemnus glabriculus
4449953,Dasytes aeratus
5018748,Ips amitinus
4429421,Ampedus pomorum aggr.
4427256,Microbregma emarginatum
4456455,Cis dentatus
4458578,Anogcodes fulvicollis
1045031,Sphaerites glabratus
4430719,Malthodes maurus
7343006,Anthaxia nitidula
4457578,Pytho depressus
10676147,Protaetia marmorata
4456352,Sulcacis fronticornis
4430689,Malthodes minimus
1152050,Calopus serraticornis
4430661,Malthodes misellus
4468514,Cryphalus asperatus
1212332,Cryphalus intermedius
6097728,Microrhagus pygmaeus
1241015,Taphrorychus bicolor
4456472,Cis bidentatus
1134093,Exocentrus lusitanus
6097369,Trypodendron signatum
4426788,Ernobius nigrinus
1239112,Hylesinus varius
8194673,Crypturgus pusillus
6097727,Pseudeuparius sepicola
4430462,Malthodes dispar
4449995,Dasytes obscurus
4449929,Dasytes virens
4459448,Morimus asper
4428353,Erotides cosnardi
8384488,Tragosoma depsarium
10330134,Eurosomides minor
4450086,Aplocnemus nigricornis
5744340,Chrysobothris chrysostigma
4469435,Rhaphitropis marchica
6264540,Callidium coriaceum
5750810,Anaspis costai
4429309,Danosoma fasciata
4432608,Agrilus convexicollis
6097816,Hemicoelus fulvicornis
1239971,Pityophthorus glabratus
6097939,Anogcodes melanurus
4429138,Cardiophorus gramineus
4430730,Malthodes penninus
6097729,Microrhagus lepidus
4456400,Cis festivus
4430604,Malthodes spretus
4426863,Hyperisus plumbeus
4432627,Agrilus pratensis
9227124,Monochamus galloprovincialis
6956330,Sphaeriestes castaneus
7870331,Anaspis ruficollis
6097813,Hemicoelus canaliculatus
1214702,Hylurgops glabratus
4427022,Ptinomorphus imperialis
1095310,Anobium punctatum
9378175,Prionus coriarius
7199491,Platysoma elongatum
1217391,Orthotomicus longicollis
4430560,Malthodes mysticus
1224529,Hylastes brunneus
9837515,Dorcus parallelipipedus
10550618,Anogcodes rufiventris
11288235,Oedemera femoralis
4458550,Chrysanthia geniculata
6956418,Salpingus ruficollis
8303422,Anaspis kiesenwetteri
4455172,Corticeus unicolor
8423310,Etorofus pubescens
4897842,Leptura quadrifasciata
4897857,Rutpela maculata
8006325,Lopheros rubens
7434525,Leptura annularis
4448907,Korynetes caeruleus
4429469,Ampedus sinuatus
4432683,Agrilus graminis
7419565,Sphaeriestes castaneus
10924673,Anastrangalia sanguinolenta
7726448,Drapetes mordelloides
7452989,Aplocnemus nigricornis
4432612,Agrilus sulcicollis
7673667,Meliboeus fulgidicollis
4431775,Anthaxia salicis
4432763,Agrilus obscuricollis
4456426,Cis villosulus
4458842,Stictoleptura scutellata
1146714,Etorofus pubescens
4458851,Stictoleptura rubra
7366419,Dinoptera collaris
5791554,Ampedus scrofa
8169160,Platystomos albinus
4430273,Malthinus fasciatus
6097818,Anthocomus equestris
11222410,Aplocnemus impressus
4449975,Dasytes subalpinus
11294089,Dasytes virens
4449955,Dasytes aeratus
4449867,Dasytes fusculus
4428695,Stenagostus rhombeus
7732151,Acmaeoderella flavofasciata
7784831,Poecilonota variolosa
4431709,Anthaxia morio
4431653,Anthaxia godeti
4432656,Agrilus cuprescens
10570661,Temnoscheila caerulea
8793045,Leptophloeus juniperi
6969286,Leptophloeus clematidis
4456934,Diodesma subterranea
7822996,Bitoma crenata
4456936,Aulonium trisulcum
4456418,Octotemnus mandibularis
4456453,Cis comptus
4456440,Cis rugulosus
9889625,Nacerdes carniolica
6956443,Salpingus planirostris
4453646,Osphya aeneipennis
4455012,Prionychus melanarius
4455169,Corticeus linearis
6722138,Protaetia speciosissima
1085286,Trichius sexualis
4292496,Rusticoclytus rusticus
1106286,Oxymirus cursor
4458868,Pseudovadonia livida
1143993,Stictoleptura fulva
1144003,Stictoleptura maculicornis aggr.
7446676,Anastrangalia dubia
1096925,Anastrangalia reyi
11057632,Lepturobosca virens
6548797,Leptura aethiops
4897848,Stenurella bifasciata
7935434,Stenurella nigra
1157678,Ropalopus femoratus
7397000,Ropalopus clavipes
8291178,Phymatodes rufipes
1123236,Tetrops starkii
8620272,Abraeus perpusillus
8259567,Bostrichus capucinus
4426845,Episernus granulatus
1189397,Scolytus laevis
1223870,Hylastinus obscurus
11999906,Tomicus piniperda
1224532,Hylastes attenuatus
1189117,Polygraphus grandiclava
5022048,Ernoporus tiliae
4468549,Phloeotribus spinulosus
11347965,Dryocoetes autographus
1239980,Pityophthorus lichtensteinii
1244655,Trypodendron signatum
11337349,Orthotomicus laricis
4429487,Ampedus pomorum aggr.
7934437,Anoplodera rufipes
4430740,Malthodes trifurcatus
10129541,Aegosoma scabricorne
7881695,Leptura aurulenta
1205845,Carphoborus minimus
5750375,Mycetochara maura
4455158,Corticeus longulus
7749219,Scolytus rugulosus
4432722,Agrilus ater
1080733,Protaetia angustata
8763965,Stenurella bifasciata
1151446,Trichoferus holosericeus
4432672,Agrilus derasofasciatus
9004028,Protaetia cuprea s.l.
12186127,Cerambyx cerdo
1212134,Cryphalus piceae
1143998,Stictoleptura hybrida
9350716,Protaetia cuprea s.l.
9468552,Helops caeruleus
8341686,Anaspis fasciata
4458762,Triphyllus bicolor
8672784,Sulcacis nitidus
4450799,Hylesinus varius
4468665,Pityophthorus pubescens
7925646,Phloeotribus rhododactylus
6958146,Cis villosulus
1189355,Scolytus scolytus
1190526,Ernoporicus fagi
7859228,Cryphalus asperatus
4468414,Phloeosinus aubei
7200380,Trichius gallicus
4449428,Sphinginus lobatus
7343361,Morimus asper
4431227,Acmaeoderella flavofasciata
4431221,Acmaeoderella flavofasciata
4429145,Cardiophorus ruficollis
4432766,Agrilus suvorovi
6268480,Stenopterus rufus
4429412,Ampedus cinnabarinus
6097808,Poecilium alni
6266106,Aromia moschata
9485486,Phymatodes rufipes
6280769,Protaetia cuprea s.l.
1144000,Stictoleptura hybrida
4427260,Anobium hederae
7814841,Etorofus pubescens
7514499,Temnoscheila caerulea
4426761,Ernobius angusticollis
9884832,Allecula morio
12346285,Hypoganus inunctus
6989972,Rhizophagus dispar
9975735,Pyrochroa serraticornis
1239066,Hylesinus toranio
4456943,Colobicus hirtus
8101487,Sulcacis nitidus
4469432,Pseudeuparius sepicola
1204378,Phloeotribus spinulosus
1095451,Microbregma emarginatum
7945150,Eurosomides minor
1242984,Dryocoetes hectographus
6280774,Protaetia cuprea s.l.
1080190,Protaetia marmorata
4468399,Dryocoetes villosus
8554174,Hemicoelus canaliculatus
4454254,Tenebrio opacus
1212233,Cryphalus saltuarius
4433259,Eurosomides minor
4456423,Cis fusciclavis
8324364,Pityogenes trepanatus
1154560,Parmena unifasciata
7588138,Scaphidema metallica
4889249,Arhopalus rusticus
4453224,Notolaemus unifasciatus
1178872,Lymantor coryli
1241569,Phloeosinus thujae
4432407,Coraebus undatus
1178485,Pityokteines spinidens
6097804,Leptophloeus clematidis
4468367,Hylesinus wachtli
7342951,Ernobius mollis
4456201,Scraptia dubia
10940407,Aulonium trisulcum
4458576,Nacerdes carniolica
9558994,Protaetia marmorata
5996149,Platysoma elongatum
4450108,Aplocnemus alpestris
7199501,Dendrophilus punctatus
4427181,Gastrallus laevigatus
7343559,Pityophthorus pityographus
4448905,Korynetes ruficornis
9320085,Protaetia speciosissima
6546274,Monochamus galloprovincialis
4454142,Nalassus ecoffeti
4430352,Malthinus glabellus
4996199,Protaetia cuprea s.l.
9529616,Agrilus graminis
8028624,Anaspis latiuscula
4427330,Globicornis nigripes
1178489,Pityokteines vorontzowi
7451530,Corticeus longulus
4429453,Ampedus nigrinus aggr.
4430595,Malthodes alpicola
1178487,Pityokteines curvidens
6969289,Leptophloeus juniperi
4426833,Episernus gentilis
9423108,Protaetia cuprea s.l.
4450570,Teredus cylindricus
7343552,Phloeotribus rhododactylus
5994006,Eurosomides minor
9112318,Scolytus multistriatus
8182841,Protaetia cuprea s.l.
4431680,Anthaxia sepulchralis
7201803,Clytus arietis
7202272,Pogonocherus fasciculatus
7201879,Anaesthetis testacea
7201622,Chlorophorus varius
8987890,Saperda scalaris
8804026,Xylotrechus antilope
7202068,Tetrops praeustus
7201825,Purpuricenus kaehleri
7201685,Molorchus minor
7201835,Poecilium alni
7202042,Monochamus sutor
7202157,Mesosa nebulosa
12174952,Rhagium inquisitor
7201611,Grammoptera ruficornis
8788491,Stenostola ferrea
7201701,Leiopus nebulosus aggr.
4431837,Anthaxia chevrieri
11285552,Litargus connexus
1133791,Pogonocherus hispidulus
1133819,Pogonocherus hispidus
7403859,Opilo mollis
1136889,Pachytodes cerambyciformis
8628400,Stictoleptura maculicornis aggr.
1149902,Rhagium mordax
8418652,Ptosima undecimmaculata
7786710,Anaspis quadrimaculata
4432767,Agrilus suvorovi
8177550,Taphrorychus villifrons
9969164,Synchita undata
4430330,Malthinus facialis
4431623,Anthaxia hungarica
4458475,Oedemera femoralis
9465292,Trachypteris picta
11302735,Hemicoelus canaliculatus
9589325,Protaetia fieberi
5750874,Anaspis ruficollis
9542962,Protaetia cuprea s.l.
10338129,Gaurotes virginea
4429041,Porthmidius austriacus
4427193,Oligomerus ptilinoides
4431639,Anthaxia quadripunctata
7570168,Leptophloeus clematidis
8911403,Pyrochroa serraticornis
9627090,Saperda populnea
7201784,Saperda populnea
7423954,Rhagium sycophanta
7202147,Stictoleptura cordigera
8112645,Stictoleptura maculicornis aggr.
8272594,Tilloidea unifasciata
7200111,Gnorimus nobilis
8422965,Dryocoetes alni
11191369,Hylastes opacus
9640653,Poecilonota variolosa
11024909,Cerambyx scopolii
7897511,Phloiotrya tenuis
7430653,Coraebus undatus
5017605,Platyrhinus resinosus
4468403,Dryocoetes villosus
7718423,Platysoma elongatum
9206122,Rosalia alpina
1223874,Hylastinus fankhauseri
4431934,Lamprodila festiva
4430741,Malthodes trifurcatus
1237414,Pityogenes conjunctus
7342943,Osmoderma eremita
4450087,Aplocnemus nigricornis
9360580,Lamprodila rutilans
8306409,Stenurella melanura
11055395,Etorofus pubescens
4896953,Pseudovadonia livida
4896959,Stictoleptura rubra
8536650,Anastrangalia sanguinolenta
8664059,Anastrangalia reyi
9071365,Gaurotes virginea
8378805,Aplocnemus alpestris
9698588,Thanasimus femoralis
8385165,Hypoganus inunctus
7771721,Drapetes mordelloides
8670281,Lamprodila rutilans
1042881,Placonotus testaceus
10313055,Cryptolestes duplicatus
1042827,Leptophloeus alternans
5878248,Synchita variegata
8596118,Anidorus nigrinus
8632966,Euglenes pygmaeus
4455161,Corticeus bicolor
1102050,Pedostrangalia revestita
7577628,Eurosomides minor
6097815,Hemicoelus costatus
6132400,Tomicus minor
1240019,Pityophthorus henscheli
6872031,Malthodes penninus
9548326,Trachypteris picta
8448095,Platysoma elongatum
11235924,Hadrobregmus denticollis
9613928,Ernoporicus fagi
4456197,Scraptia ferruginea
9503092,Malthodes aemulus
8783675,Poecilonota variolosa
10953097,Ernoporicus fagi
9475364,Lamprodila rutilans
9163141,Buprestis octoguttata
8282489,Anaspis thoracica
10988466,Stenagostus rhombeus
1146024,Aegosoma scabricorne
8568333,Hylesinus varius
9949231,Microrhagus pygmaeus
9241318,Trachypteris picta
9373086,Anthaxia nitidula
9609051,Anthaxia cichorii
8455243,Aspidiphorus orbiculatus
8571076,Thanasimus femoralis
9741590,Chrysobothris affinis
10554839,Sulcacis nitidus
9263544,Acmaeoderella flavofasciata
4429477,Ampedus pomorum aggr.
10231634,Agrilus cyanescens
9249592,Anthaxia nitidula
8844491,Lucanus cervus
8787467,Hylis cariniceps
1189446,Scolytus intricatus
6959173,Colobicus hirtus
1128539,Grammoptera abdominalis
1143999,Stictoleptura hybrida
5791549,Microrhagus emyi
10247862,Ischnomera cyanea
1166403,Rhaphitropis marchica
10319119,Synchita undata
8531735,Stenomax aeneus
1239737,Pityophthorus knoteki
4454143,Nalassus ecoffeti
1080541,Protaetia speciosissima
4432728,Agrilus viridis
8463624,Lamprodila rutilans
8609055,Vincenzellus ruficollis
8082170,Calambus bipustulatus
8212325,Ampedus elongatulus
11870074,Melanotus castanipes
5005209,Pyrrhidium sanguineum
6548909,Stenocorus meridianus
7419332,Dromaeolus barnabita
4989826,Rhizophagus bipustulatus
8025291,Platypus cylindrus
8856008,Nalassus ecoffeti
6280765,Protaetia cuprea s.l.
9092816,Monochamus sutor
8791811,Neoclytus acuminatus
4432631,Agrilus pratensis
7361377,Lepturobosca virens
9298081,Dorcus parallelipipedus
10113285,Temnoscheila caerulea
8389788,Dendrophilus punctatus
1149507,Stenurella nigra
7773168,Stictoleptura scutellata
10516813,Pogonocherus decoratus
9755752,Hylesinus crenatus
10249073,Platystomos albinus
11343266,Paromalus parallelepipedus
4892377,Saperda populnea
7486521,Lamprodila festiva
7435272,Lepturobosca virens
9611379,Protaetia cuprea s.l.
9319717,Clerus mutillarius
8805487,Buprestis novemmaculata
7202145,Stictoleptura scutellata
4458871,Alosterna tabacicolor
9958770,Stictoleptura maculicornis aggr.
4424872,Protaetia cuprea s.l.
5005294,Stictoleptura fulva
4459315,Stenostola ferrea
11264173,Dictyoptera aurora
7343023,Agrilus cuprescens
10299360,Hylesinus varius
5877321,Phloeotribus rhododactylus
4431542,Phaenops cyanea
1095869,Trypodendron signatum
6267942,Stictoleptura cordigera
8925746,Morimus asper
8327957,Pogonocherus fasciculatus
5713234,Pachyta lamed
4889247,Arhopalus rusticus
7343263,Stenomax aeneus
7877345,Lucanus cervus
8404241,Leptophloeus juniperi
10382778,Poecilonota variolosa
1143987,Stictoleptura maculicornis aggr.
7201836,Phymatodes rufipes
9904180,Phloeotribus rhododactylus
5751416,Cerambyx cerdo
4432740,Agrilus ater
8265346,Anaspis lurida
7882422,Saperda populnea
7563923,Tritoma bipustulata
9259494,Microrhagus lepidus
5743109,Ceruchus chrysomelinus
8774262,Euglenes pygmaeus
8028407,Eledona agricola
1128488,Alosterna tabacicolor
1161743,Deilus fugax
7201664,Alosterna tabacicolor
8179063,Anaspis thoracica
7199972,Protaetia angustata
7199991,Protaetia fieberi
7343254,Sphinginus lobatus
6872032,Malthodes penninus
4406792,Dorcatoma setosella
7342973,Malthodes mysticus
7343258,Dasytes subalpinus
4292499,Arhopalus rusticus
6004003,Agrilus cyanescens
1165594,Platyrhinus resinosus
9580852,Chrysobothris affinis
4453875,Accanthopus velikensis
8605457,Pyropterus nigroruber
7201578,Ergates faber
5744363,Chrysobothris affinis
6956511,Vincenzellus ruficollis
4449452,Peltis ferruginea
4468375,Hylurgops palliatus
4431671,Anthaxia helvetica
8616435,Anastrangalia dubia
1120143,Asemum striatum
5007180,Rosalia alpina
8271119,Chlorophorus glabromaculatus
7868906,Trichoferus holosericeus
1166419,Rhaphitropis marchica
7201813,Saphanus piceus
6548944,Stictoleptura scutellata
9245340,Buprestis rustica
8772393,Buprestis octoguttata
5744341,Chrysobothris chrysostigma
7200023,Protaetia marmorata
9511549,Lamprodila festiva
5744360,Chrysobothris solieri
8881255,Chrysanthia viridissima
5004830,Purpuricenus kaehleri
10205236,Valgus hemipterus
4455260,Diaperis boleti
8018430,Lamprodila festiva
1172458,Clerus mutillarius
8801364,Chrysobothris affinis
9115987,Dicerca alni
9174822,Ptosima undecimmaculata
8159704,Oedemera femoralis
8267671,Meliboeus fulgidicollis
4431807,Anthaxia fulgurans
4456949,Coxelus pictus
9482813,Trachypteris picta
8071048,Hadrobregmus pertinax
9011240,Chalcophora mariana
8939042,Chlorophorus varius
7549981,Stenurella bifasciata
6263023,Rhagium inquisitor
4427209,Hemicoelus fulvicornis
1143385,Pyrrhidium sanguineum
4432723,Agrilus viridis
7849534,Rutpela maculata
4426753,Ernobius abietinus
7748286,Plagionotus arcuatus
12013738,Xyleborus dryographus
8085395,Anthaxia manca
6280947,Cetonia aurata
9283408,Scraptia dubia
6721939,Trichius gallicus
5820514,Cerambyx cerdo
9471617,Hemicoelus canaliculatus
10139952,Phloeotribus rhododactylus
4459178,Herophila tristis
10473186,Clerus mutillarius
9384261,Xylopertha retusa
9960305,Acmaeoderella flavofasciata
10006165,Chlorophorus figuratus
4891936,Oplosia cinerea
9432953,Cryphalus asperatus
9565973,Ptosima undecimmaculata
7343549,Phloeosinus thujae
8221208,Serropalpus barbatus
10783356,Stictoleptura scutellata
10375360,Purpuricenus kaehleri
7201615,Pachyta lamed
10929406,Strangalia attenuata
7201878,Arhopalus rusticus
8927460,Platycerus caraboides
10407102,Hallomenus binotatus
8768556,Anoplodera rufipes
4430640,Malthodes aemulus
6958034,Sulcacis fronticornis
1160459,Anaglyptus mysticus
8396505,Hadrobregmus pertinax
8283885,Thanasimus femoralis
8738025,Anaspis ruficollis
9465849,Platyrhinus resinosus
10353449,Stictoleptura fulva
5000899,Chlorophorus figuratus
8889415,Anogcodes fulvicollis
4431777,Anthaxia salicis
6548922,Cerambyx cerdo
9556958,Agrilus cyanescens
10738375,Agrilus graminis
9463273,Agrilus pratensis
8644167,Aplocnemus impressus
1133821,Pogonocherus hispidus
10124898,Pyropterus nigroruber
8884946,Rutpela maculata
4889820,Stictoleptura rubra
4456415,Strigocis bicornis
1242378,Hylastes angustatus
6945001,Mycetophagus quadripustulatus
10943783,Phymatodes testaceus
4449429,Sphinginus lobatus
12280933,Sphinginus lobatus
1083458,Protaetia marmorata
10900407,Allecula morio
4458701,Mycetophagus quadriguttatus
9285316,Agrilus viridis
8734357,Anastrangalia dubia
9431197,Trichius gallicus
4431732,Anthaxia podolica
7682123,Herophila tristis
9331436,Ischnomera caerulea
1157680,Ropalopus femoratus
9304330,Stenagostus rufus
9279711,Eledona agricola
9492623,Platycerus caraboides
9549171,Mycetophagus quadripustulatus
9553472,Malthodes minimus
1080547,Protaetia speciosissima
8043364,Protaetia cuprea s.l.
4430253,Malthinus frontalis
6548870,Lamia textor
8703193,Agrilus biguttatus
1122894,Tetropium castaneum
4431919,Anthaxia cichorii
6280471,Gnorimus nobilis
8914758,Stictoleptura cordigera
9299443,Lamprodila festiva
9118878,Cerambyx cerdo
6266105,Aromia moschata
9178741,Valgus hemipterus
7202290,Plagionotus arcuatus
4293135,Neoclytus acuminatus
6280773,Protaetia cuprea s.l.
8937446,Plagionotus arcuatus
8900208,Lucanus cervus
8719656,Buprestis haemorrhoidalis
6264995,Clytus arietis
6269256,Gaurotes virginea
8941307,Stictoleptura scutellata
8815548,Leptura quadrifasciata
9144058,Stenurella bifasciata
9059871,Cerambyx cerdo
9437631,Buprestis haemorrhoidalis
9264548,Poecilonota variolosa
12179116,Obrium cantharinum
4432710,Agrilus laticornis
4432765,Agrilus obscuricollis
9284493,Ptosima undecimmaculata
7609229,Anogcodes melanurus
11409891,Platysoma elongatum
9326924,Dicerca alni
4429433,Ampedus sanguineus
4429508,Ampedus sanguinolentus
11062456,Aegomorphus clavipes
7202298,Gaurotes virginea
12213886,Leptura quadrifasciata
7202015,Anastrangalia dubia
4429426,Ampedus balteatus
9204666,Stenurella bifasciata
6264573,Herophila tristis
1153728,Callidium violaceum
4458882,Judolia sexmaculata
1105710,Strangalia attenuata
4424911,Protaetia speciosissima
9254018,Agrilus angustulus
4458894,Anoplodera rufipes
4925008,Grammoptera ruficornis
8694535,Phaenops cyanea
8107579,Acanthocinus griseus
6268481,Stenopterus rufus
11256941,Notolaemus unifasciatus
1095312,Anobium punctatum
11346133,Anaspis costai
8265730,Anaspis fasciata
8008767,Rhagium sycophanta
4907495,Alosterna tabacicolor
11288260,Platycerus caraboides
4891291,Glaphyra umbellatarum
7519333,Leiopus nebulosus aggr.
7500025,Pogonocherus fasciculatus
4904890,Mesosa nebulosa
10655586,Stenagostus rhombeus
4429468,Ampedus nigerrimus
4429495,Ampedus pomonae
6971920,Ampedus elongatulus
8791194,Dasytes caeruleus
11254645,Tomicus minor
9859801,Korynetes caeruleus
4456465,Cis micans
6972407,Ampedus cinnabarinus
4429443,Ampedus praeustus
6972469,Ampedus pomorum aggr.
10521190,Aplocnemus impressus
11228773,Ernobius angusticollis
7610544,Grynobius planus
4891289,Molorchus minor
8911515,Erotides cosnardi
4427214,Hemicoelus costatus
4432712,Agrilus laticornis
4904138,Rhagium inquisitor
4426207,Xyletinus ater
7573049,Cerambyx scopolii
8812339,Callidium aeneum
7202051,Rhamnusium bicolor
8148671,Stenurella melanura
7963129,Stenocorus meridianus
10907617,Rhagium inquisitor
1126650,Phymatodes testaceus
4432654,Agrilus cuprescens
7890041,Asemum striatum
8991968,Lucanus cervus
4904390,Rhagium inquisitor
1102949,Anastrangalia dubia
7363743,Stenurella melanura
4892511,Stictoleptura rubra
11093263,Molorchus minor
5005584,Etorofus pubescens
8005711,Leptura quadrifasciata
5001602,Acmaeops pratensis
6264543,Callidium aeneum
6548818,Gaurotes virginea
7767053,Tetropium fuscum
8029761,Aegomorphus clavipes
7673603,Phymatodes testaceus
1155811,Monochamus sartor
1112957,Semanotus undatus
6264630,Saperda perforata
6546275,Monochamus galloprovincialis
5022105,Hylesinus varius
9327142,Meliboeus fulgidicollis
4426745,Ernobius mollis
4899884,Stictoleptura scutellata
7343548,Hylesinus wachtli
4449328,Hypebaeus flavipes
1242396,Xyleborus monographus
4426866,Hyperisus plumbeus
4459518,Phymatodes rufipes
8043187,Pyrochroa serraticornis
4292625,Rhagium inquisitor
1120118,Asemum striatum
